[Header],,,
FileFormatVersion,2,,
MyRunName,P1607,,
InstrumentPlatform,NextSeq6000,,
InstrumentType,NextSeq6000,,
,,,
[Reads],,,
Read1Cycles,148,,
Index1Cycles,10,,
Index2Cycles,10,,
Read2Cycles,148,,
,,,
[Data],,,
Lane,Sample_ID,index,index2
1,NHL43_GR,AGACGAAGTT,AACGTGCTCG
1,NHL43_LN,TCACTACTAG,GTCCTATGAA
1,NHL44_GR,ACTGAGGTAA,GTATAACCTG
1,NHL44_LN,CTTATCTAGC,CATGATGAGA
1,NHL45_GR,TACACCATTG,CAACGACTGA
1,NHL45_LN,GTAACGTCAA,AGAGTTGTTG
1,NHL46_GR,TAGGTTGGAA,TGTTCCTAGA
1,NHL46_LN,AAGTGCACCT,TAGCATATCG
2,NHL47_GR,TGCTCGACAG,ACCAAGCCAA
2,NHL47_LN,AGGTGTTCTA,CTACGTTCTT
2,NHL42_GR,CCGAGAAGGT,CAGTGGAGCT
2,NHL42_LN,GAAGCAATAG,GAATCGCACA
2,AML21_T,GTTAATCGCT,GAGCATTGAG
2,AML21_ED,TGTAACTCCA,CTGACAACAA
2,TPLL_T_FR,CCAGTATCTA,ACCGCGGATA
2,TPLL_B_ED,GTTCTCATAG,TCTTGCTGTG
